;;;;;;;;;;;;;x,,,
AGRESSION_WAR_NAME_REPARATIONS_PEU_CHL;The $ORDER$War of the Pacific;;;;;;;;;;;;;;;;;;;;;;;;x
AGRESSION_WAR_NAME_REPARATIONS_BOL_CHL;The $ORDER$War of the Pacific;;;;;;;;;;;;;;;;;;;;;;;;x
AGRESSION_WAR_NAME_REPARATIONS_CHL_PBC;The $ORDER$War of the Confederation;;;;;;;;;;;;;;;;;;;;;;;;x
NORMAL_WAR_NAME_REPARATIONS_CHL_PBC;The $ORDER$War of the Confederation;;;;;;;;;;;;;;;;;;;;;;;;x
AGRESSION_CUT_DOWN_TO_SIZE_WAR_NAME_CHL_PBC;The $ORDER$War of the Confederation;;;;;;;;;;;;;;;;;;;;;;;;x
NORMAL_CUT_DOWN_TO_SIZE_WAR_NAME_CHL_PBC;The $ORDER$War of the Confederation;;;;;;;;;;;;;;;;;;;;;;;;x
NORMAL_WAR_NAME_REPARATIONS;The $ORDER$$FIRST$-$SECOND$ War;;;;;;;;;;;;;;;;;;;;;;;;;;;;;x
AGRESSION_WAR_NAME_REPARATIONS;$ORDER$War of $FIRST$ Aggression;;;;;;;;;;;;;;;;;;;;;;;;;;;;;x
colonial_conquest;Colonial Conquest;;;;;;;;;;;;;;;;;;;;;;;;;;;;;x
colonial_conquest_desc;Acquire an enemy ùYstateùW where we have ùYcolonial claimsùW, but this will gives us a random amount of ùRinfamyùW from ùR0.5 to 2ùW.;;;;;;;;;;;;;;;;;;;;;;;;;;;;;x,,
colonial_conquest_short;Acquire $STATE$;;;;;;;;;;;;;;;;;;;;;;;;;;;;;;;;;;;;x;;;;;;;;;;;;;;,,,
colonial_conquest_setup;Acquire $STATE$ from $RECIPIENT$;;;;;;;;;;;;;;;;;;;;;;;;;;;;;;x;;;;;;;;;;;;;;,,,
war_reparations;Reparations;;;;;;;;;;;;;;;;;;;;;;;;;;;;;x,,
war_reparations_desc;Demand ùYreparationsùW from $RECIPIENT$.;;;;;;;;;;;;;;;;;;;;;;;;;;;;;x,,
war_reparations_short;Demand Reparations;;;;;;;;;;;;;;;;;;;;;;;;;;;;;x,,
war_reparations_setup;Demand ùYreparationsùW from $RECIPIENT$.;;;;;;;;;;;;;;;;;;;;;;;;;;;;;x,,
install_democracy_make_puppet;Install a Democratic Puppet;;;;;;;;;;;;;;;;;;;;;;x;;;;;;;;;;;;;;,,,
install_democracy_make_puppet_desc;Install a ùYdemocratic puppet governmentùW in the country's capital;;;;;;;;;;;;;;;x;;;;;;;;;;;;;;,,,
install_democracy_make_puppet_short;Install a democratic puppet government in $RECIPIENT$;;;;;;;;;;;;;;;;;;;;;;;;;;x;;;;;;;;;;;;;;,,,
install_democracy_make_puppet_setup;Install a democratic puppet government in $RECIPIENT$;;;;;;;;;;;;;;;;;;;;;;;x;;;;;;;;;;;;;;,,,
install_communism_make_puppet;Install a Communist Puppet;;;;;;;;;;;;;;;;;;;;;;x;;;;;;;;;;;;;;,,,
install_communism_make_puppet_desc;Install a ùYcommunist puppet governmentùW in the country's capital;;;;;;;;;;;;;;;x;;;;;;;;;;;;;;,,,
install_communism_make_puppet_short;Install a communist puppet government in $RECIPIENT$;;;;;;;;;;;;;;;;;;;;;;;;;;x;;;;;;;;;;;;;;,,,
install_communism_make_puppet_setup;Install a communist puppet government in $RECIPIENT$;;;;;;;;;;;;;;;;;;;;;;;x;;;;;;;;;;;;;;,,,
install_fascism_make_puppet;Install a Fascist Puppet;;;;;;;;;;;;;;;;;;;;;;x;;;;;;;;;;;;;;,,,
install_fascism_make_puppet_desc;Install a ùYfascist puppet governmentùW in the country's capital;;;;;;;;;;;;;;;x;;;;;;;;;;;;;;,,,
install_fascism_make_puppet_short;Install a fascist puppet government in $RECIPIENT$;;;;;;;;;;;;;;;;;;;;;;;;;;x;;;;;;;;;;;;;;,,,
install_fascism_make_puppet_setup;Install a fascist puppet government in $RECIPIENT$;;;;;;;;;;;;;;;;;;;;;;;x;;;;;;;;;;;;;;,,,
NORMAL_WAR_LIBERATE_NAME_BOR_EGY;$ORDER$French Intervention in Egypt;;;;;;;;;;;;;;;;;;;;;;;;x
NORMAL_WAR_LIBERATE_NAME_FRA_EGY;$ORDER$French Intervention in Egypt;;;;;;;;;;;;;;;;;;;;;;;;x
NORMAL_WAR_LIBERATE_NAME_NET_EGY;$ORDER$Dutch Intervention in Egypt;;;;;;;;;;;;;;;;;;;;;;;;x
NORMAL_WAR_LIBERATE_NAME_SPA_EGY;$ORDER$Spanish Intervention in Egypt;;;;;;;;;;;;;;;;;;;;;;;;x
NORMAL_WAR_LIBERATE_NAME_AUS_EGY;$ORDER$Austrian Intervention in Egypt;;;;;;;;;;;;;;;;;;;;;;;;x
NORMAL_WAR_LIBERATE_NAME_RUS_EGY;$ORDER$Russian Intervention in Egypt;;;;;;;;;;;;;;;;;;;;;;;;x
NORMAL_WAR_LIBERATE_NAME_PRU_EGY;$ORDER$Prussian Intervention in Egypt;;;;;;;;;;;;;;;;;;;;;;;;x
NORMAL_WAR_LIBERATE_NAME_ENG_EGY;$ORDER$British Intervention in Egypt;;;;;;;;;;;;;;;;;;;;;;;;x
AGRESSION_WAR_NAME_TUR_ITA;The $ORDER$Italo-Turkish War;;;;;;;;;;;;;;;;;;;;;;;;;;;;;x;
NORMAL_WAR_PUPPET_NAME_QNG_PGG;The $ORDER$Panthay Rebellion;;;;;;;;;;;;;;;;;;;;;;;;;;;;;x;
NORMAL_WAR_PUPPET_NAME_QNG_UYG;The $ORDER$Dungan Revolt;;;;;;;;;;;;;;;;;;;;;;;;;;;;;x;
NORMAL_WAR_CONQUEST_ANY_NAME_QNG_XBI;The $ORDER$Dungan Revolt;;;;;;;;;;;;;;;;;;;;;;;;;;;;;x;
AGRESSION_WAR_CONQUEST_ANY_NAME_QNG_XBI;The Dungan Revolt in Qinghai;;;;;;;;;;;;;;;;;;;;;;;;;;;;;x;
AGRESSION_WAR_CONQUEST_ANY_NAME_BHR_QAT;$ORDER$QatariùBahraini War;;;;;;;;;;;;;;;;;;;;;;;;;;;;;x;
NORMAL_WAR_CONQUEST_ANY_NAME_BHR_QAT;$ORDER$QatariùBahraini War;;;;;;;;;;;;;;;;;;;;;;;;;;;;;x;
AGRESSION_WAR_CONQUEST_ANY_NAME_RUS_CIR;The $ORDER$Russo-Circassian War;;;;;;;;;;;;;;;;;;;;;;;;;;;;;x;
NORMAL_WAR_CONQUEST_ANY_NAME_RUS_CIR;The $ORDER$Russo-Circassian War;;;;;;;;;;;;;;;;;;;;;;;;;;;;;x;
AGRESSION_WAR_CONQUEST_ANY_NAME_RUS_DAG;The $ORDER$Murid War;;;;;;;;;;;;;;;;;;;;;;;;;;;;;x;
NORMAL_WAR_CONQUEST_ANY_NAME_RUS_DAG;The $ORDER$Murid War;;;;;;;;;;;;;;;;;;;;;;;;;;;;;x;
AGRESSION_WAR_CONQUEST_ANY_NAME_ENG_PNJ;The $ORDER$AngloùSikh War;;;;;;;;;;;;;;;;;;;;;;;;;;;;;x;
NORMAL_WAR_CONQUEST_ANY_NAME_ENG_PNJ;The $ORDER$AngloùSikh War;;;;;;;;;;;;;;;;;;;;;;;;;;;;;x;
NORMAL_CIVIL_WAR_NAME_ARC_ENT;The $ORDER$Platine War;;;;;;;;;;;;;;;;;;;;;;;;;;;;;;;x;
AGRESSION_CIVIL_WAR_NAME_ARC_ENT;The $ORDER$Platine War;;;;;;;;;;;;;;;;;;;;;;;;;;;;;;;x;
NO_ALLOWED_STATES;(There are no applicable states).;;;;;;;;;;;;;;;;;;;;;;;;;;x
po_reduce_prestige;Prestige is reduced by ùR-$VALUE$ùW.;;;;;;;;;;;;;;;;;;;;;;;;;;;;;;;;;;;;;x;;;;
NORMAL_PUNITIVE_EXPEDITION_WAR_NAME;The $ORDER$$FIRST$-$SECOND$ War;;;;;;;;;;;;;;;;;;;;x,,,
AGRESSION_PUNITIVE_EXPEDITION_WAR_NAME;The $ORDER$$FIRST$-$SECOND$ War;;;;;;;;;;;;;;;;;;;;x,,,
NORMAL_PUNITIVE_EXPEDITION_WAR_NAME_ENG_QNG;The $ORDER$Opium War;;;;;;;;;;;;;;;;;x,,,
AGRESSION_PUNITIVE_EXPEDITION_WAR_NAME_ENG_QNG;The $ORDER$Opium War;;;;;;;;;;;;;;;;;x,,,
treaty_port_casus_belli;Punitive Expedition;;;;;;;;;;;;;;;x;;;;
treaty_port_casus_belli_desc;Force a ùYcountryùW to negotiate an ùYunequal treatyùW, which includes a ùYtreaty portùW if there's one available.;;;;;;;;;;;;;;;;x
treaty_port_casus_belli_short;Negotiate an unequal treaty;;;;;;;;;;;;;;;;;;;;;;x;;;;
treaty_port_casus_belli_setup;Force a ùYcountryùW to negotiate an ùYunequal treatyùW, which includes a ùYtreaty portùW if there's one available;;;;;;;;;;;;;;;;;;;;;;;x
NORMAL_WAR_CONQUEST_NAME_HAI_DOM;$ORDER$Dominican War of Independence;;;;;;;;;;;;x,,,
AGRESSION_WAR_CONQUEST_NAME_HAI_DOM;$ORDER$Dominican War of Independence;;;;;;;;;;;;x,,,
AGRESSION_WAR_GUNBOAT_NAME;Gunboat Diplomacy;;;;;;;;;;;;;x,,,
status_quo;Status Quo;;;;;;;;;;;;;x,,,
AGRESSION_WAR_BOXER_NAME;Boxer War;;;;;;;;;;;;;x,,,
call_allies_cb;Call Allies;;;;;;;;;;;;;x,,,
call_allies_cb_desc;Call Allies into war;;;;;;;;;;;;;x,,,
AGRESSION_WAR_ALL_CORES_NAME;$ORDER$War of $FIRST$ Liberation;;;;;;;;;;;;;x,,,
NORMAL_WAR_ALL_CORES_NAME;$ORDER$War of $FIRST$ Liberation;;;;;;;;;;;;;x,,,
AGRESSION_WAR_HUMILIATE_NAME;$ORDER$$FIRST$ War to Humiliate $SECOND$;$ORDER$ guerre pour l'honneur $FIRST$-$SECOND$;$ORDER$$FIRST$-$SECOND$ Krieg der Ehre;;;;;;;;;;;x,,,
AGRESSION_WAR_PUPPET_NAME;$ORDER$War of $FIRST$ Control Over $SECOND_COUNTRY$;$ORDER$ guerre de $FIRST$ pour le contrùle de $SECOND_COUNTRY$;$ORDER$ Krieg um die Kontrolle von $FIRST$ ùber $SECOND_COUNTRY$;;;;;;;;;;;x,,,
NORMAL_CUT_DOWN_TO_SIZE_WAR_NAME;$ORDER$$FIRST$-$SECOND$ War;Guerre $ORDER$$FIRST$-$SECOND$;$ORDER$$FIRST$-$SECOND$er Krieg;Baza;Guerra $ORDER$$FIRST$-$SECOND$;Base:;Alap:;Zùkladna:;;;;;;x,,,
AGRESSION_CUT_DOWN_TO_SIZE_WAR_NAME;$ORDER$War of $FIRST$ Aggression;$ORDER$$FIRST$ guerre d'aggression;$ORDER$$FIRST$er Angriffskrieg;Wojna $ORDER$$FIRST$-$SECOND$;$ORDER$Guerra de $FIRST$ agresiùn;$ORDER$ Guerra $FIRST$-$SECOND$;$ORDER$$FIRST$-$SECOND$ hùbor?$ORDER$$FIRST$-$SECOND$ vùlka;;;;;;x,,,
NORMAL_WAR_DISMANTLE_NAME;$ORDER$$FIRST$ War to Dismantle the $SECOND$ Empire;Grande Guerre $ORDER$$FIRST$-$SECOND$;$ORDER$$FIRST$-$SECOND$ Grùùer Krieg;Baza;Base:;Base:;Alap:;Zùkladna:;;;;;;;x;;;;;;;;;;;;;;,,,
AGRESSION_WAR_DISMANTLE_NAME;$ORDER$ War of $FIRST$ Aggression;$ORDER$ Offensive Militaire $FIRST$;$ORDER$ $FIRST$ Angriffskrieg;Wojna $ORDER$$FIRST$-$SECOND$;Guerra $ORDER$$FIRST$-$SECOND$;$ORDER$ Guerra $FIRST$-$SECOND$;$ORDER$$FIRST$-$SECOND$ hùbor?$ORDER$$FIRST$-$SECOND$ vùlka;;;;;;;x;;;;;;;;;;;;;;,,,
NORMAL_WAR_AUSTRIAN_EMPIRE_NAME;$ORDER$$FIRST$-$SECOND$ War of Imperial Restoration;;;;;;;;;;;;;x,,,
AGRESSION_WAR_AUSTRIAN_EMPIRE_NAME;$ORDER$$FIRST$-$SECOND$ War of Imperial Restoration;;;;;;;;;;;;;x,,,
NORMAL_WAR_FREE_BALKANS_NAME;The $ORDER$$FIRST$-$SECOND$ War of the Balkans;;;;;;;;;;;;;x,,,
AGRESSION_WAR_FREE_BALKANS_NAME;The $ORDER$$FIRST$-$SECOND$ War of the Balkans;;;;;;;;;;;;;x,,,
NORMAL_WAR_MONROE_DOCTRINE_NAME;The $ORDER$$FIRST$-$SECOND$ War of Anti-Imperialism;;;;;;;;;;;;;x,,,
AGRESSION_WAR_MONROE_DOCTRINE_NAME;The $ORDER$$FIRST$-$SECOND$ War of Anti-Imperialism;;;;;;;;;;;;;x,,,
NORMAL_WAR_RESTORE_AMERICA_NAME;The $ORDER$$FIRST$-$SECOND$ War of American Restoration;;;;;;;;;;;;;x,,,
AGRESSION_WAR_RESTORE_AMERICA_NAME;The $ORDER$$FIRST$-$SECOND$ War of American Restoration;;;;;;;;;;;;;x,,,
NORMAL_WAR_HOLY_LAND_NAME;The $ORDER$$FIRST$-$SECOND$ Levantine War;;;;;;;;;;;;;x,,,
AGRESSION_WAR_HOLY_LAND_NAME;The $ORDER$$FIRST$-$SECOND$ Levantine War;;;;;;;;;;;;;x,,,
NORMAL_WAR_BRITISH_RAJ_NAME;$ORDER$$SECOND$ War of the British Raj;;;;;;;;;;;;;x,,,
AGRESSION_WAR_BRITISH_RAJ_NAME;$ORDER$$SECOND$ War of the British Raj;;;;;;;;;;;;;x,,,
NORMAL_CIVIL_WAR_NAME_USA_FSA;The $ORDER$American Civil War;$ORDER$ guerre de rùbellion;$ORDER$Rebellionskrieg;;;;;;;;;;;x,,,
NORMAL_CIVIL_WAR_NAME_USA_CSA;The $ORDER$American Civil War;$ORDER$ guerre de rùbellion;$ORDER$Rebellionskrieg;;;;;;;;;;;x
NORMAL_CIVIL_WAR_NAME_CSA_USA;The $ORDER$American Civil War;$ORDER$ guerre de rùbellion;$ORDER$Rebellionskrieg;;;;;;;;;;;x
NORMAL_WAR_CHINA_REUNIFICATION;$ORDER$War of Chinese Reunification;Guerre $ORDER$$FIRST$-$SECOND$;$ORDER$$FIRST$-$SECOND$ Krieg;Baza;Base:;Base:;Alap:;Zùkladna:;;;;;;;x;;;;;;;;;;;;;;,,,
AGRESSION_WAR_CHINA_REUNIFICATION;$ORDER$War of Chinese Reunification;Guerre $ORDER$$FIRST$-$SECOND$;$ORDER$$FIRST$-$SECOND$ Krieg;Baza;Base:;Base:;Alap:;Zùkladna:;;;;;;;x;;;;;;;;;;;;;;,,,
NORMAL_WAR_SAHEL_JIHAD_NAME;$ORDER$$FIRST$ Jihad;;;;;;;;;;;;;x,,,
AGRESSION_WAR_SAHEL_JIHAD_NAME;$ORDER$$FIRST$ Jihad;;;;;;;;;;;;;x,,,
NORMAL_WAR_RESTORE_ORDER_NAME_ARG_ENT;The $ORDER$ Platine War;;;;;;;;;;;;;x,,,
AGRESSION_WAR_RESTORE_ORDER_NAME_ARG_ENT;The $ORDER$ Platine War;;;;;;;;;;;;;x,,,
NORMAL_CIVIL_WAR_NAME_TKG_SAT;The $ORDER$Boshin War;;;;;;;;;;;;x,,,
NORMAL_CIVIL_WAR_NAME_TKG_CHO;The $ORDER$Boshin War;;;;;;;;;;;;x,,,
NORMAL_CIVIL_WAR_NAME_TKG_TOS;The $ORDER$Boshin War;;;;;;;;;;;;x,,,
NORMAL_CIVIL_WAR_NAME_TKG_KAG;The $ORDER$Boshin War;;;;;;;;;;;;x,,,
NORMAL_CIVIL_WAR_NAME_TKG_SEN;The $ORDER$Boshin War;;;;;;;;;;;;x,,,
NORMAL_CIVIL_WAR_NAME_TKG_YZW;The $ORDER$Boshin War;;;;;;;;;;;;x,,,
NORMAL_WAR_RESTORE_ORDER_NAME_ENG_TRN;The $ORDER$Boer War;;;;;;;;;;;;x,,,
NORMAL_WAR_RESTORE_ORDER_NAME_ENG_ORA;The $ORDER$Boer War;;;;;;;;;;;;x,,,
NORMAL_WAR_RESTORE_ORDER_NAME_ENG_NAL;The $ORDER$Boer War;;;;;;;;;;;;x,,,
NORMAL_WAR_PUPPET_NAME_TUR_EGY;The $ORDER$Oriental Crisis;;;;;;;;;;;;x,,,
NORMAL_WAR_TAKE_NAME_ENG_QNG;The $ORDER$Opium War;;;;;;;;;;;;x,,,
NORMAL_WAR_TAKE_CORE_NAME_SHW_GON;Zemene Mesafint;;;;;;;;;;;;x,,,
NORMAL_WAR_RESTORE_ORDER_NAME_SHW_GON;Zemene Mesafint;;;;;;;;;;;;x,,,
NORMAL_WAR_TAKE_CORE_NAME_SHW_TIG;Zemene Mesafint;;;;;;;;;;;;x,,,
NORMAL_WAR_RESTORE_ORDER_NAME_SHW_TIG;Zemene Mesafint;;;;;;;;;;;;x,,,
NORMAL_WAR_TAKE_CORE_NAME_GON_SHW;Zemene Mesafint;;;;;;;;;;;;x,,,
NORMAL_WAR_RESTORE_ORDER_NAME_GON_SHW;Zemene Mesafint;;;;;;;;;;;;x,,,
NORMAL_WAR_TAKE_CORE_NAME_GON_TIG;Zemene Mesafint;;;;;;;;;;;;x,,,
NORMAL_WAR_RESTORE_ORDER_NAME_GON_TIG;Zemene Mesafint;;;;;;;;;;;;x,,,
NORMAL_WAR_TAKE_CORE_NAME_TIG_SHW;Zemene Mesafint;;;;;;;;;;;;x,,,
NORMAL_WAR_RESTORE_ORDER_NAME_TIG_SHW;Zemene Mesafint;;;;;;;;;;;;x,,,
NORMAL_WAR_TAKE_CORE_NAME_TIG_GON;Zemene Mesafint;;;;;;;;;;;;x,,,
NORMAL_WAR_RESTORE_ORDER_NAME_TIG_GON;Zemene Mesafint;;;;;;;;;;;;x,,,
NORMAL_CUT_DOWN_TO_SIZE_WAR_NAME_RUS_TUR;The $ORDER$Crimean War;;;;;;;;;;;;x,,,
AGRESSION_CUT_DOWN_TO_SIZE_WAR_NAME_RUS_TUR;The $ORDER$Crimean War;;;;;;;;;;;;x,,,
NORMAL_WAR_FREE_ALLIED_CORE_NAME;$ORDER$$FIRST$ War of $COUNTRY_ADJ$ Restoration;;;;;;;;;;;;x,,,
AGRESSION_WAR_FREE_ALLIED_CORE_NAME;$ORDER$$FIRST$ War of $COUNTRY_ADJ$ Restoration;;;;;;;;;;;;x,,,
NORMAL_WAR_COLONIAL_RECONQUEST_NAME;$ORDER$$FIRST$ War of Colonial Reconquest;;;;;;;;;;;;x,,,
AGRESSION_WAR_COLONIAL_RECONQUEST_NAME;$ORDER$$FIRST$ War of Colonial Reconquest;;;;;;;;;;;;x,,,
NORMAL_WAR_PUPPET_NAME_TUR_ROM;The $ORDER$Romanian War of Independence;;;;;;;;;;;;x,,,
AGRESSION_WAR_PUPPET_NAME_TUR_ROM;The $ORDER$Romanian War of Independence;;;;;;;;;;;;x,,,
NORMAL_WAR_PUPPET_NAME_ENG_IRE;The $ORDER$Irish War of Independence;;;;;;;;;;;;x,,,
AGRESSION_WAR_PUPPET_NAME_ENG_IRE;The $ORDER$Irish War of Independence;;;;;;;;;;;;x,,,
NORMAL_CIVIL_WAR_NAME_NEJ_HAL;$ORDER$War of Arabian Domination;;;;;;;;;;;;x,,,
NORMAL_CIVIL_WAR_NAME_HAL_NEJ;$ORDER$War of Arabian Domination;;;;;;;;;;;;x,,,
NORMAL_WAR_NAME_ENG_USA;$ORDER$$FIRST$-$SECOND$ War;;;;;;;;;;;;x,,,
NORMAL_WAR_TAKE_NAME_ENG_USA;$ORDER$$FIRST$ Conquest of $STATE$;;;;;;;;;;;;x,,,
NORMAL_WAR_TAKE_CORE_NAME_ENG_USA;$ORDER$$FIRST$ Liberation of $STATE$;;;;;;;;;;;;x,,,
AGRESSION_WAR_ALL_CORES_NAME_USA_MEX;The $ORDER$Mexican-American War;;;;;;;;;;;;x,,,
NORMAL_WAR_ALL_CORES_NAME_USA_MEX;The $ORDER$Mexican-American War;;;;;;;;;;;;x,,,
AGRESSION_CIVIL_WAR_NAME_QNG_TPG;The Taiping Rebellion;;;;;;;;;;;;x,,,
NORMAL_CIVIL_WAR_NAME_QNG_TPG;The Taiping Rebellion;;;;;;;;;;;;x,,,
punitive_effects;National Humiliation;Humiliation Nationale;Nationale Erniedrigung;;;;;;;;;;;;x;;;;;;;;;;;;;;,,,
punitive_effects_desc;Our humiliation at the hands of the victors, and the punitive effects of reparations have taken its toll on our people.  We will be all but unable to wage war unless someone declares war on us first.;;;;;;;;;;;;;x,,
no_more_war;No More War;Nous ne Voulons pas la Guerre;Wir Wùnschen Nicht Krieg;;;;;;;;;;;;x;;;;;;;;;;;;;;,,,
no_more_war_desc;Our people are tired of war. It will be difficult to get their enthusiasm for another anytime soon, so in the meantime our ability to wage war will be very limited. ùYNOTE: This means you have very few CB's that you can begin a war with while this modifier lasts!ùW;;;;;;;;;;;;;x,,
end_the_war;End the War;La Guerre Doit Finir;Der Krieg Muss Beenden;;;;;;;;;;;;x;;;;;;;;;;;;;;,,,
end_the_war_desc;Our enemy is defeated. The people call out for us to end the war, even if we don't get everything we intended.;;;;;;;;;;;;;x,,
international_pariah;International Pariah;Paria International;Internationales Ausgestossen;;;;;;;;;;;;x;;;;;;;;;;;;;;,,,
international_pariah_desc;We are a pariah in the international community for our aggressive policies.;;;;;;;;;;;;;x,,,
great_war;Total War;Guerre Totale;Grùùer Krieg;;;;;;;;;;;;x;;;;;;;;;;;;;;,,,
great_war_desc;We are in a state of total war with our enemies. We must rise up as one, or risk the destruction of our entire way of life.;;;;;;;;;;;;;x,,
great_war2;The Demands of War;Les Demandes de la Guerre;Die Nachfragen des Krieges;;;;;;;;;;;x,,,
great_war2_desc;Massive shortages are causing our people's enthusiasm for war to dim.;;;;;;;;;;;;;x,,,
great_war3;Is It All For Nothing?;Est-il Tout Pour Rien?;Ist Alles Fùr Nichts?;;;;;;;;;;;x,,,
great_war3_desc;If we do not end the war soon, things will go very badly for us.;;;;;;;;;;;;;x,,
dismantle_cb;Dismantle Nation;Grande Guerre;Gesamtkrieg;;;;;;;;;;;;x;;;;;;;;;;;;;;,,,
dismantle_cb_desc;Force an enemy ùYgreat powerùW to dismantle their empire and pay reparations;Obliger un autre ùYpaysùW ?se dùsarmer et ?nous verser des compensations;Zwischen Sie ein anderes ùYLandùW zur Abrùstung und zu Reparationszahlungen an uns.;;;;;;;;;;;x,,,
dismantle_cb_short;Force $RECIPIENT$ to dismantle their empire;Rùduire $RECIPIENT$;Reduzieren Sie die Grùùe von $RECIPIENT$;;;;;;;;;;;;x;;;;;;;;;;;;;;,,,
dismantle_cb_setup;Force $RECIPIENT$ to dismantle their empire;Rùduire $RECIPIENT$;Reduzieren Sie die Grùùe von $RECIPIENT$;;;;;;;;;;;;x;;;;;;;;;;;;;;,,,
dismantle_cb_add;Dismantle Nation;Grande Guerre;Grùùer Krieg;;;;;;;;;;;;x;;;;;;;;;;;;;;,,,
dismantle_cb_add_desc;Force an enemy ùYgreat powerùW to dismantle their empire and pay reparations;Obliger un autre ùYpaysùW ?se dùsarmer et ?nous verser des compensations;Zwischen Sie ein anderes ùYLandùW zur Abrùstung und zu Reparationszahlungen an uns.;;;;;;;;;;;x,,,
dismantle_cb_add_short;Force $RECIPIENT$ to dismantle their empire;Rùduire $RECIPIENT$;Reduzieren Sie die Grùùe von $RECIPIENT$;;;;;;;;;;;;x;;;;;;;;;;;;;;,,,
dismantle_cb_add_setup;Force $RECIPIENT$ to dismantle their empire;Rùduire $RECIPIENT$;Reduzieren Sie die Grùùe von $RECIPIENT$;;;;;;;;;;;;x;;;;;;;;;;;;;;,,,
dismantle_cb_add_new;Dismantle Nation;Grande Guerre;Grùùer Krieg;;;;;;;;;;;;x;;;;;;;;;;;;;;,,,
dismantle_cb_add_new_desc;Force an enemy ùYgreat powerùW to dismantle their empire and pay reparations;Obliger un autre ùYpaysùW ?se dùsarmer et ?nous verser des compensations;Zwischen Sie ein anderes ùYLandùW zur Abrùstung und zu Reparationszahlungen an uns.;;;;;;;;;;;x,,,
dismantle_cb_add_new_short;Force $RECIPIENT$ to dismantle their empire;Rùduire $RECIPIENT$;Reduzieren Sie die Grùùe von $RECIPIENT$;;;;;;;;;;;;x;;;;;;;;;;;;;;,,,
dismantle_cb_add_new_setup;Force $RECIPIENT$ to dismantle their empire;Rùduire $RECIPIENT$;Reduzieren Sie die Grùùe von $RECIPIENT$;;;;;;;;;;;;x;;;;;;;;;;;;;;,,,
great_war_install_democracy;Install Democracy;Installez la dùmocratie;Verursachen Sie Demokratie;;;;;;;;;;;;x;;;;;;;;;;;;;;,,,
great_war_install_democracy_desc;Install a ùYfriendly democracyùW in the country's capital;Install a ùYfriendly democracyùW in the target country's capital;Install a ùYfriendly democracyùW in the target country's capital;;;;;;;;;;;;x;;;;;;;;;;;;;;,,,
great_war_install_democracy_short;Install a friendly democracy in $RECIPIENT$;Install a friendly democracy in $RECIPIENT$;Install a friendly democracy in $RECIPIENT$;;;;;;;;;;;;x;;;;;;;;;;;;;;,,,
great_war_install_democracy_setup;Install a friendly democracy in $RECIPIENT$;Install a friendly democracy in $RECIPIENT$;Install a friendly democracy in $RECIPIENT$;;;;;;;;;;;;x;;;;;;;;;;;;;;,,,
great_war_install_fascism;Install Fascism;Installez le fascisme;Bringen Sie Faschismus an;;;;;;;;;;;;x;;;;;;;;;;;;;;,,,
great_war_install_fascism_desc;Install a ùYfriendly fascist governmentùW in the country's capital;Install a ùYfriendly fascist governmentùW in the country's capital;Install a ùYfriendly fascist governmentùW in the country's capital;;;;;;;;;;;;x;;;;;;;;;;;;;;,,,
great_war_install_fascism_short;Install a fascist government in $RECIPIENT$;Install a fascist government in $RECIPIENT$;Install a fascist government in $RECIPIENT$;;;;;;;;;;;;x;;;;;;;;;;;;;;,,,
great_war_install_fascism_setup;Install a fascist government in $RECIPIENT$;Install a fascist government in $RECIPIENT$;Install a fascist government in $RECIPIENT$;;;;;;;;;;;;x;;;;;;;;;;;;;;,,,
great_war_install_communism;Install Communism;Installez le communisme;Bringen Sie Kommunismus an;;;;;;;;;;;;x;;;;;;;;;;;;;;,,,
great_war_install_communism_desc;Install a ùYfriendly communist governmentùW in the country's capital;Install a ùYfriendly communist governmentùW in the country's capital;Install a ùYfriendly communist governmentùW in the country's capital;;;;;;;;;;;;x;;;;;;;;;;;;;;,,,
great_war_install_communism_short;Install a communist government in $RECIPIENT$;Install a communist government in $RECIPIENT$;Install a communist government in $RECIPIENT$;;;;;;;;;;;;x;;;;;;;;;;;;;;,,,
great_war_install_communism_setup;Install a communist government in $RECIPIENT$;Install a communist government in $RECIPIENT$;Install a communist government in $RECIPIENT$;;;;;;;;;;;;x;;;;;;;;;;;;;;,,,
install_democracy;Install Democracy;Installez la dùmocratie;Verursachen Sie Demokratie;;;;;;;;;;;;x;;;;;;;;;;;;;;,,,
install_democracy_desc;Install a ùYfriendly democracyùW in the country's capital;Install a ùYfriendly democracyùW in the target country's capital;Install a ùYfriendly democracyùW in the target country's capital;;;;;;;;;;;;x;;;;;;;;;;;;;;,,,
install_democracy_short;Install a friendly democracy in $RECIPIENT$;Install a friendly democracy in $RECIPIENT$;Install a friendly democracy in $RECIPIENT$;;;;;;;;;;;;x;;;;;;;;;;;;;;,,,
install_democracy_setup;Install a friendly democracy in $RECIPIENT$;Install a friendly democracy in $RECIPIENT$;Install a friendly democracy in $RECIPIENT$;;;;;;;;;;;;x;;;;;;;;;;;;;;,,,
install_fascism;Install Fascism;Installez le fascisme;Bringen Sie Faschismus an;;;;;;;;;;;;x;;;;;;;;;;;;;;,,,
install_fascism_desc;Install a ùYfriendly fascist governmentùW in the country's capital;Install a ùYfriendly fascist governmentùW in the country's capital;Install a ùYfriendly fascist governmentùW in the country's capital;;;;;;;;;;;;x;;;;;;;;;;;;;;,,,
install_fascism_short;Install a fascist government in $RECIPIENT$;Install a fascist government in $RECIPIENT$;Install a fascist government in $RECIPIENT$;;;;;;;;;;;;x;;;;;;;;;;;;;;,,,
install_fascism_setup;Install a fascist government in $RECIPIENT$;Install a fascist government in $RECIPIENT$;Install a fascist government in $RECIPIENT$;;;;;;;;;;;;x;;;;;;;;;;;;;;,,,
install_communism;Install Communism;Installez le communisme;Bringen Sie Kommunismus an;;;;;;;;;;;;x;;;;;;;;;;;;;;,,,
install_communism_desc;Install a ùYfriendly communist governmentùW in the country's capital;Install a ùYfriendly communist governmentùW in the country's capital;Install a ùYfriendly communist governmentùW in the country's capital;;;;;;;;;;;;x;;;;;;;;;;;;;;,,,
install_communism_short;Install a communist government in $RECIPIENT$;Install a communist government in $RECIPIENT$;Install a communist government in $RECIPIENT$;;;;;;;;;;;;x;;;;;;;;;;;;;;,,,
install_communism_setup;Install a communist government in $RECIPIENT$;Install a communist government in $RECIPIENT$;Install a communist government in $RECIPIENT$;;;;;;;;;;;;x;;;;;;;;;;;;;;,,,
great_war_liberate;Liberate;Peuple libre;Freies Volk;;;;;;;;;;;;x;;;;;;;;;;;;;;,,,
great_war_liberate_desc;Liberate a ùYcountryùW from its oppressors;Libùrer un ùYpaysùW de ses oppresseurs;Befreien Sie ein ùYLandùW von seinen Unterdrùckern.;;;;;;;;;;;x,,,
great_war_liberate_short;$THIRD$ acquires $STATE$;$THIRD$ prend $STATE$;$THIRD$ erwirbt $STATE$;;;;;;;;;;;;x;;;;;;;;;;;;;;,,,
great_war_liberate_setup;Hand $STATE$ back to $THIRD$ from $RECIPIENT$;Prendre $STATE$ ?$RECIPIENT$ pour le rendre ?$THIRD$;Geben Sie $STATE$ an $THIRD$ von $RECIPIENT$ zurùck;;;;;;;;;;;;x;;;;;;;;;;;;;;,,,
great_war_acquire_core;Acquire core;Prendre territoire cl?Kernprovinz erwerben;;;;;;;;;;;;x;;;;;;;;;;;;;;,,,
great_war_acquire_core_desc;Acquire an enemy ùYstateùW where we have ùYcore provincesùW;Prendre un ùYùtatùW ennemi o?nous avons des ùYprovinces principalesùW;Erobern Sie einen feindlichen ùYStaatùW, in dem wir ùYKernprovinzenùW haben.;;;;;;;;;;;x,,
great_war_acquire_core_short;Acquire $STATE$;Prendre $STATE$;$STATE$ erwerben;;;;;;;;;;;;x;;;;;;;;;;;;;;,,,
great_war_acquire_core_setup;Acquire core $STATE$ from $RECIPIENT$;Prendre ùtat cl?$STATE$ de $RECIPIENT$;Kern-$STATE$ von $RECIPIENT$ erwerben;;;;;;;;;;;;x;;;;;;;;;;;;;;,,,
great_war_place_in_the_sun;Place in the sun;Une place au soleil;Ein Platz an der Sonne;;;;;;;;;;;;x;;;;;;;;;;;;;;,,,
great_war_place_in_the_sun_desc;Acquire an enemy ùYcolonial stateùW;Prendre un ùYùtat colonialùW ennemi;Erobern Sie einen feindlichen ùYKolonialstaatùW.;;;;;;;;;;;x,,,
great_war_place_in_the_sun_short;Acquire $STATE$;Prendre $STATE$;$STATE$ erwerben;;;;;;;;;;;;x;;;;;;;;;;;;;;,,,
great_war_place_in_the_sun_setup;Acquire colony $STATE$ from $RECIPIENT$;Prendre colonie $STATE$ de $RECIPIENT$;Kolonie $STATE$ von $RECIPIENT$ erwerben;;;;;;;;;;;;x;;;;;;;;;;;;;;,,,
great_war_release_puppet;Release Puppet;Libùrer un ùtat fantoche;Marionettenstaat entlassen;;;;;;;;;;;x,,,
great_war_release_puppet_short;$THIRD$ is released;$THIRD$ est libùr?$THIRD$ wurde entlassen;;;;;;;;;;;x,,,
great_war_release_puppet_setup;Release $THIRD$ from $RECIPIENT$;Libùrer $THIRD$ de $RECIPIENT$;Entlassen Sie $THIRD$ aus $RECIPIENT$;;;;;;;;;;;x,,,
great_war_release_puppet_desc;Release a ùYcountryùW from its sovereign nation;Libùrer un ùYpaysùW de sa nation souveraine;Entlassen Sie ein ùYLandùW von seinem Herrenland.;;;;;;;;;;;x,,,
great_war_take_from_sphere;Take from sphere of influence;Prendre ?la sphùre d'influence;Aus Einflusssphùre entfernen;;;;;;;;;;;;x;;;;;;;;;;;;;;,,,
great_war_take_from_sphere_desc;Remove a country from someone's ùYSphere of InfluenceùW and add it to our own;Supprimer un pays de la ùYsphùre d'influenceùW de quelqu'un et l'ajouter ?la nùtre;Entfernen Sie ein Land aus einer anderen ùYEinflusssphùreùW und fùgen Sie es Ihrer eigenen hinzu.;;;;;;;;;;;x,,,
great_war_take_from_sphere_short;Take $THIRD$ from sphere of influence;Prendre $THIRD$ ?la sphùre d'influence;$THIRD$ aus Einflusssphùre entfernen;;;;;;;;;;;;x;;;;;;;;;;;;;;,,,
great_war_take_from_sphere_setup;Take $THIRD$ from $RECIPIENT$'s sphere of influence;Prendre $THIRD$ ?la sphùre d'influence de $RECIPIENT$;$THIRD$ aus Einflusssphùre von $RECIPIENT$ entfernen;;;;;;;;;;;;x;;;;;;;;;;;;;;,,,
add_to_sphere_AI;Add to Sphere;ajouter ?la sphùre;In Einflusssphùre aufnehmen;;;;;;;;;;;;x;;;;;;;;;;;;;;,,,
add_to_sphere_AI_desc;Add country to our ùYSphere of InfluenceùW;Ajouter un pays ?notre ùYsphùre d'influenceùW;Fùgen Sie das Land Ihrer ùYEinflusssphùreùW hinzu.;;;;;;;;;;;x,,,
add_to_sphere_AI_short;Add $RECIPIENT$ to Sphere of Influence;ajouter $RECIPIENT$ ?la sphùre d'influence;$RECIPIENT$ in Einflusssphùre aufnehmen;;;;;;;;;;;;x;;;;;;;;;;;;;;,,,
add_to_sphere_AI_setup;Add $RECIPIENT$ to Sphere of Influence;ajouter $RECIPIENT$ ?la sphùre d'influence;$RECIPIENT$ in Einflusssphùre aufnehmen;;;;;;;;;;;;x;;;;;;;;;;;;;;,,,
unification_add_to_sphere;Unification Add to Sphere;ajouter ?la sphùre;In Einflusssphùre aufnehmen;;;;;;;;;;;;x;;;;;;;;;;;;;;,,,
unification_add_to_sphere_desc;Add country ùYof our culture groupùW to our ùYSphere of InfluenceùW;Ajouter un pays ?notre ùYsphùre d'influenceùW;Fùgen Sie das Land Ihrer ùYEinflusssphùreùW hinzu.;;;;;;;;;;;x,,,
unification_add_to_sphere_short;Add $RECIPIENT$ to Sphere of Influence;ajouter $RECIPIENT$ ?la sphùre d'influence;$RECIPIENT$ in Einflusssphùre aufnehmen;;;;;;;;;;;;x;;;;;;;;;;;;;;,,,
unification_add_to_sphere_setup;Add $RECIPIENT$ to Sphere of Influence;ajouter $RECIPIENT$ ?la sphùre d'influence;$RECIPIENT$ in Einflusssphùre aufnehmen;;;;;;;;;;;;x;;;;;;;;;;;;;;,,,
take_from_sphere_AI;Take from sphere of influence;Prendre ?la sphùre d'influence;Aus Einflusssphùre entfernen;;;;;;;;;;;;x;;;;;;;;;;;;;;,,,
take_from_sphere_AI_desc;Remove a country from someone's ùYSphere of InfluenceùW and add it to our own;Supprimer un pays de la ùYsphùre d'influenceùW de quelqu'un et l'ajouter ?la nùtre;Entfernen Sie ein Land aus einer anderen ùYEinflusssphùreùW und fùgen Sie es Ihrer eigenen hinzu.;;;;;;;;;;;x,,,
take_from_sphere_AI_short;Take $THIRD$ from sphere of influence;Prendre $THIRD$ ?la sphùre d'influence;$THIRD$ aus Einflusssphùre entfernen;;;;;;;;;;;;x;;;;;;;;;;;;;;,,,
take_from_sphere_AI_setup;Take $THIRD$ from $RECIPIENT$'s sphere of influence;Prendre $THIRD$ ?la sphùre d'influence de $RECIPIENT$;$THIRD$ aus Einflusssphùre von $RECIPIENT$ entfernen;;;;;;;;;;;;x;;;;;;;;;;;;;;,,,
free_peoples_AI;Free people;Peuple libre;Freies Volk;;;;;;;;;;;;x;;;;;;;;;;;;;;,,,
free_peoples_AI_desc;Liberate a ùYcountryùW from its oppressors;Libùrer un ùYpaysùW de ses oppresseurs;Befreien Sie ein ùYLandùW von seinen Unterdrùckern.;;;;;;;;;;;x,,,
free_peoples_AI_short;$THIRD$ acquires $STATE$;$THIRD$ prend $STATE$;$THIRD$ erwirbt $STATE$;;;;;;;;;;;;x;;;;;;;;;;;;;;,,,
free_peoples_AI_setup;Hand $STATE$ back to $THIRD$ from $RECIPIENT$;Prendre $STATE$ ?$RECIPIENT$ pour le rendre ?$THIRD$;Geben Sie $STATE$ an $THIRD$ von $RECIPIENT$ zurùck;;;;;;;;;;;;x;;;;;;;;;;;;;;,,,
free_allied_cores;Free Allied Cores;Peuple libre;Freies Volk;;;;;;;;;;;;x;;;;;;;;;;;;;;,,,
free_allied_cores_desc;Liberate cores belonging to an ùYallied countryùW in your sphere;Libùrer un ùYpaysùW de ses oppresseurs;Befreien Sie ein ùYLandùW von seinen Unterdrùckern.;;;;;;;;;;;x,,,
free_allied_cores_short;$THIRD$ acquires $STATE$;$THIRD$ prend $STATE$;$THIRD$ erwirbt $STATE$;;;;;;;;;;;;x;;;;;;;;;;;;;;,,,
free_allied_cores_setup;Hand $STATE$ back to $THIRD$ from $RECIPIENT$;Prendre $STATE$ ?$RECIPIENT$ pour le rendre ?$THIRD$;Geben Sie $STATE$ an $THIRD$ von $RECIPIENT$ zurùck;;;;;;;;;;;;x;;;;;;;;;;;;;;,,,
release_puppet_AI;Release Puppet;Libùrer un ùtat fantoche;Marionettenstaat entlassen;;;;;;;;;;;x,,,
release_puppet_AI_short;$THIRD$ is released;$THIRD$ est libùr?$THIRD$ wurde entlassen;;;;;;;;;;;x,,,
release_puppet_AI_setup;Release $THIRD$ from $RECIPIENT$;Libùrer $THIRD$ de $RECIPIENT$;Entlassen Sie $THIRD$ aus $RECIPIENT$;;;;;;;;;;;x,,,
release_puppet_AI_desc;Release a ùYcountryùW from its sovereign nation;Libùrer un ùYpaysùW de sa nation souveraine;Entlassen Sie ein ùYLandùW von seinem Herrenland.;;;;;;;;;;;x,,,
demand_concession_NI_casus_belli;Demand Concession;Demande de concession;Konzession verlangen;;;;;;;;;;;x,,,
demand_concession_NI_casus_belli_desc;Force an ùYuncivilized countryùW to secede territory to form a colonial concession.;Obligez un ùYpays non civilisùW ?faire sùcession d'un territoire pour former une concession coloniale.;Zwingen Sie ein ùYunzivilisiertes LandùW, Gebiete zur Grùndung einer Kolonialkonzession abzuspalten.;;;;;;;;;;;x,,
demand_concession_NI_casus_belli_setup;Demand that $RECIPIENT$ secede territory to form a colonial concession.;Demandez ?ce que $RECIPIENT$ fasse sùcession d'un territoire pour former une concession coloniale.;Verlangen Sie, dass $RECIPIENT$ Gebiete zur Grùndung einer Kolonialkonzession abspaltet.;;;;;;;;;;;x,,
demand_concession_NI_casus_belli_short;Demand $STATE$;Demander $STATE$;Fordern Sie $STATE$;;;;;;;;;;;x,,,
demand_concession_BC_casus_belli;Demand Concession;Demande de concession;Konzession verlangen;;;;;;;;;;;x,,,
demand_concession_BC_casus_belli_desc;Force an ùYuncivilized countryùW to secede territory to form a colonial concession.;Obligez un ùYpays non civilisùW ?faire sùcession d'un territoire pour former une concession coloniale.;Zwingen Sie ein ùYunzivilisiertes LandùW, Gebiete zur Grùndung einer Kolonialkonzession abzuspalten.;;;;;;;;;;;x,,
demand_concession_BC_casus_belli_setup;Demand that $RECIPIENT$ secede territory to form a colonial concession.;Demandez ?ce que $RECIPIENT$ fasse sùcession d'un territoire pour former une concession coloniale.;Verlangen Sie, dass $RECIPIENT$ Gebiete zur Grùndung einer Kolonialkonzession abspaltet.;;;;;;;;;;;x,,
demand_concession_BC_casus_belli_short;Demand $STATE$;Demander $STATE$;Fordern Sie $STATE$;;;;;;;;;;;x,,,
establish_protectorate_NI_casus_belli;Establish Protectorate;ùtablir un protectorat;Protektorat grùnden;;;;;;;;;;;x,,,
establish_protectorate_NI_casus_belli_desc;Annex an ùYuncivilized countryùW by forcing them to become a protectorate of ours.;Annexez un ùYpays non civilisùW en l'obligeant ?devenir l'un de nos protectorats.;Annektieren Sie ein ùYunzivilisiertes LandùW, indem Sie es zwingen, eines Ihrer Protektorate zu werden.;;;;;;;;;;;x,
establish_protectorate_NI_casus_belli_setup;Annex $RECIPIENT$ by establishing a protectorate over them.;Annexez $RECIPIENT$ en ùtablissant un protectorat.;Annektieren Sie $RECIPIENT$ durch die Grùndung eines Protektorats.;;;;;;;;;;;x,,,
establish_protectorate_NI_casus_belli_short;Annex $RECIPIENT$;Annexer $RECIPIENT$;Annektieren Sie $RECIPIENT$;;;;;;;;;;;x,,,
establish_protectorate_BC_casus_belli;Establish Protectorate;ùtablir un protectorat;Protektorat grùnden;;;;;;;;;;;x,,,
establish_protectorate_BC_casus_belli_desc;Annex an ùYuncivilized countryùW by forcing them to become a protectorate of ours.;Annexez un ùYpays non civilisùW en l'obligeant ?devenir l'un de nos protectorats.;Annektieren Sie ein ùYunzivilisiertes LandùW, indem Sie es zwingen, eines Ihrer Protektorate zu werden.;;;;;;;;;;;x,
establish_protectorate_BC_casus_belli_setup;Annex $RECIPIENT$ by establishing a protectorate over them.;Annexez $RECIPIENT$ en ùtablissant un protectorat.;Annektieren Sie $RECIPIENT$ durch die Grùndung eines Protektorats.;;;;;;;;;;;x,,,
establish_protectorate_BC_casus_belli_short;Annex $RECIPIENT$;Annexer $RECIPIENT$;Annektieren Sie $RECIPIENT$;;;;;;;;;;;x,,,
unification_humiliate;Assert Hegemony;Imposer l'hùgùmonie;Vorherrschaft durchsetzen;;;;;;;;;;;x,,,
unification_humiliate_desc;Remove a country from someone's ùYSphere of InfluenceùW and add it to our own;Supprimer un pays de la ùYsphùre d'influenceùW de quelqu'un et l'ajouter ?la nùtre;Entfernen Sie ein Land aus einer anderen ùYEinflusssphùreùW und fùgen Sie es Ihrer eigenen hinzu.;;;;;;;;;;;x,,,
unification_humiliate_setup;Take $THIRD$ from $RECIPIENT$'s sphere of influence;Prendre $THIRD$ ?la sphùre d'influence de $RECIPIENT$;$THIRD$ aus Einflusssphùre von $RECIPIENT$ entfernen;;;;;;;;;;;;x;;;;;;;;;;;;;;,,,
unification_humiliate_short;Take $THIRD$ from sphere of influence;Prendre $THIRD$ ?la sphùre d'influence;$THIRD$ aus Einflusssphùre entfernen;;;;;;;;;;;;x;;;;;;;;;;;;;;,,,
annex_africa;Scramble for Africa - Demand State;;;;;;;;;;;;;x,,,
annex_africa_desc;Force an ùYuncivilized countryùW to secede territory according to rules set at the Conference of Great Powers;;;;;;;;;;;;;x,,,
annex_africa_setup;Demand that $RECIPIENT$ secede territory according to rules set at the Conference of Great Powers;;;;;;;;;;;;;x,,,
annex_africa_short;Demand $STATE$;;;;;;;;;;;;;x,,,
annex_africa_full;Scramble for Africa - Annex;;;;;;;;;;;;;x,,,
annex_africa_full_desc;Force an ùYuncivilized countryùW to become a protectorate according to rules set at the Conference of Great Powers;;;;;;;;;;;;;x,,,
annex_africa_full_setup;Annex $RECIPIENT$ according to rules set at the Conference of Great Powers;;;;;;;;;;;;;x,,,
annex_africa_full_short;Annex $RECIPIENT$;;;;;;;;;;;;;x,,,
restore_austrian_empire;Acquire Austrian Core;Prendre territoire cl?Kernprovinz erwerben;;;;;;;;;;;;x;;;;;;;;;;;;;;,,,
restore_austrian_empire_desc;Acquire an enemy ùYstateùW where Austria has ùYtraditionally ruledùW;Prendre un ùYùtatùW ennemi o?nous avons des ùYprovinces principalesùW;Erobern Sie einen feindlichen ùYStaatùW, in dem wir ùYKernprovinzenùW haben.;;;;;;;;;;;x,,
restore_austrian_empire_short;Acquire $STATE$;Prendre $STATE$;$STATE$ erwerben;;;;;;;;;;;;x;;;;;;;;;;;;;;,,,
restore_austrian_empire_setup;Acquire core $STATE$ from $RECIPIENT$;Prendre ùtat cl?$STATE$ de $RECIPIENT$;Kern-$STATE$ von $RECIPIENT$ erwerben;;;;;;;;;;;;x;;;;;;;;;;;;;;,,,
free_balkans;Free Balkans;Peuple libre;Freies Volk;;;;;;;;;;;;x;;;;;;;;;;;;;;,,,
free_balkans_desc;Liberate an ùYentire country in the BalkansùW from its oppressor;Libùrer un ùYpaysùW de ses oppresseurs;Befreien Sie ein ùYLandùW von seinen Unterdrùckern.;;;;;;;;;;;x,,,
free_balkans_short;Liberate $THIRD$;$THIRD$ prend $STATE$;$THIRD$ erwirbt $STATE$;;;;;;;;;;;;x;;;;;;;;;;;;;;,,,
free_balkans_setup;Free $THIRD$ from control of $RECIPIENT$;Prendre $STATE$ ?$RECIPIENT$ pour le rendre ?$THIRD$;Geben Sie $STATE$ an $THIRD$ von $RECIPIENT$ zurùck;;;;;;;;;;;;x;;;;;;;;;;;;;;,,,
monroe_doctrine;Monroe Doctrine;Peuple libre;Freies Volk;;;;;;;;;;;;x;;;;;;;;;;;;;;,,,
monroe_doctrine_desc;Drive out a ùYEuropean colonial powerùW from the Americas;Libùrer un ùYpaysùW de ses oppresseurs;Befreien Sie ein ùYLandùW von seinen Unterdrùckern.;;;;;;;;;;;x,,,
monroe_doctrine_short;$THIRD$ acquires $STATE$;$THIRD$ prend $STATE$;$THIRD$ erwirbt $STATE$;;;;;;;;;;;;x;;;;;;;;;;;;;;,,,
monroe_doctrine_setup;Hand $STATE$ back to $THIRD$ from $RECIPIENT$;Prendre $STATE$ ?$RECIPIENT$ pour le rendre ?$THIRD$;Geben Sie $STATE$ an $THIRD$ von $RECIPIENT$ zurùck;;;;;;;;;;;;x;;;;;;;;;;;;;;,,,
oriental_crisis;Oriental Crisis;Peuple libre;Freies Volk;;;;;;;;;;;;x;;;;;;;;;;;;;;,,,
oriental_crisis_desc;Liberate ùYOttoman territoryùW from Egyptian control;Libùrer un ùYpaysùW de ses oppresseurs;Befreien Sie ein ùYLandùW von seinen Unterdrùckern.;;;;;;;;;;;x,,,
oriental_crisis_short;$THIRD$ acquires $STATE$;$THIRD$ prend $STATE$;$THIRD$ erwirbt $STATE$;;;;;;;;;;;;x;;;;;;;;;;;;;;,,,
oriental_crisis_setup;Hand $STATE$ back to $THIRD$ from $RECIPIENT$;Prendre $STATE$ ?$RECIPIENT$ pour le rendre ?$THIRD$;Geben Sie $STATE$ an $THIRD$ von $RECIPIENT$ zurùck;;;;;;;;;;;;x;;;;;;;;;;;;;;,,,
restore_america;Acquire American Core;Prendre territoire cl?Kernprovinz erwerben;;;;;;;;;;;;x;;;;;;;;;;;;;;,,,
restore_america_desc;Acquire an enemy ùYstateùW with the goal of ùYrestoring the United StatesùW;Prendre un ùYùtatùW ennemi o?nous avons des ùYprovinces principalesùW;Erobern Sie einen feindlichen ùYStaatùW, in dem wir ùYKernprovinzenùW haben.;;;;;;;;;;;x,,
restore_america_short;Acquire $STATE$;Prendre $STATE$;$STATE$ erwerben;;;;;;;;;;;;x;;;;;;;;;;;;;;,,,
restore_america_setup;Acquire core $STATE$ from $RECIPIENT$;Prendre ùtat cl?$STATE$ de $RECIPIENT$;Kern-$STATE$ von $RECIPIENT$ erwerben;;;;;;;;;;;;x;;;;;;;;;;;;;;,,,
claim_holy_land;Claim the Levant;Prendre territoire cl?Kernprovinz erwerben;;;;;;;;;;;;x;;;;;;;;;;;;;;,,,
claim_holy_land_desc;Acquire a state in the ùYLevantùW now that it has been abandoned by the ùYOttoman EmpireùW;Prendre un ùYùtatùW ennemi o?nous avons des ùYprovinces principalesùW;Erobern Sie einen feindlichen ùYStaatùW, in dem wir ùYKernprovinzenùW haben.;;;;;;;;;;;x,,
claim_holy_land_short;Acquire $STATE$;Prendre $STATE$;$STATE$ erwerben;;;;;;;;;;;;x;;;;;;;;;;;;;;,,,
claim_holy_land_setup;Acquire $STATE$ from $RECIPIENT$;Prendre ùtat cl?$STATE$ de $RECIPIENT$;Kern-$STATE$ von $RECIPIENT$ erwerben;;;;;;;;;;;;x;;;;;;;;;;;;;;,,,
restore_british_raj;Claim the British Raj;Rùduire;Grùùe reduzieren;;;;;;;;;;;;x;;;;;;;;;;;;;;,,,
restore_british_raj_desc;Puppet an enemy ùYnationùW that rightfully belongs within the ùYBritish RajùW;Obliger un autre ùYpaysùW ?se dùsarmer et ?nous verser des compensations;Zwischen Sie ein anderes ùYLandùW zur Abrùstung und zu Reparationszahlungen an uns.;;;;;;;;;;;x,,,
restore_british_raj_short;$RECIPIENT$ becomes a puppet of $ACTOR$;$RECIPIENT$ devient satellite de $ACTOR$;$RECIPIENT$ wird eine Marionette von $ACTOR$;;;;;;;;;;;x,,,
restore_british_raj_setup;$RECIPIENT$ becomes a puppet of $ACTOR$;$RECIPIENT$ devient satellite de $ACTOR$;$RECIPIENT$ wird eine Marionette von $ACTOR$;;;;;;;;;;;x,,,
great_game_cb;The Great Game;Rùduire;Grùùe reduzieren;;;;;;;;;;;;x;;;;;;;;;;;;;;,,,
great_game_cb_desc;The Great Game between Russia and the British Empire demands that all ùYuncivilized nationsùW in Central Asia be turned into ùYpuppetsùW to prevent the other from doing the same.;Obliger un autre ùYpaysùW ?se dùsarmer et ?nous verser des compensations;Zwischen Sie ein anderes ùYLandùW zur Abrùstung und zu Reparationszahlungen an uns.;;;;;;;;;;;x,,,
great_game_cb_short;$RECIPIENT$ becomes a puppet of $ACTOR$;$RECIPIENT$ devient satellite de $ACTOR$;$RECIPIENT$ wird eine Marionette von $ACTOR$;;;;;;;;;;;x,,,
great_game_cb_setup;$RECIPIENT$ becomes a puppet of $ACTOR$;$RECIPIENT$ devient satellite de $ACTOR$;$RECIPIENT$ wird eine Marionette von $ACTOR$;;;;;;;;;;;x,,,
china_acquire_state;Chinese Reunification;Prendre ùtat;$STATE$ erwerben;;;;;;;;;;;;x;;;;;;;;;;;;;;,,,
china_acquire_state_short;Acquire $STATE$;Prendre $STATE$;$STATE$ erwerben;;;;;;;;;;;;x;;;;;;;;;;;;;;,,,
china_acquire_state_setup;Acquire $STATE$ from $RECIPIENT$;Prendre $STATE$ de $RECIPIENT$;$STATE$ von $RECIPIENT$ erwerben;;;;;;;;;;;;x;;;;;;;;;;;;;;,,,
china_acquire_state_desc;Acquire a Chinese ùYstateùW;Prendre un ùYùtatùW ennemi;Erobern Sie einen feindlichen ùYStaatùW.;;;;;;;;;;;x,,,
unification_GP_humiliate;Unification Humiliate;Humilier;Erniedrigen;;Humillar;;;;;;;;;x,,,
unification_GP_humiliate_short;Humiliate $RECIPIENT$;Humilier $RECIPIENT$;$RECIPIENT$ erniedrigen;;Humillar a $RECIPIENT$;;;;;;;;;x,,,
unification_GP_humiliate_setup;Humiliate $RECIPIENT$;Humilier $RECIPIENT$;$RECIPIENT$ erniedrigen;;Humillar a $RECIPIENT$;;;;;;;;;x,,,
unification_GP_humiliate_desc;Show our military might by humiliating an enemy ùYgreater power of our culture groupùW, thus increasing our ùYprestigeùW while lowering theirs;Afficher notre puissance militaire en humiliant un ùYpaysùW ennemi et en augmentant notre ùYprestigeùW tout en rùduisant le leur;Zeigen Sie unsere Militùrmacht durch Erniedrigung eines feindlichen ùYLandesùW, wodurch Sie unser ùYPrestigeùW steigern und ihres verringern.;;Demostrar nuestro poder militar humillando a un ùYpaùsùW enemigo, para aumentar nuestro ùYprestigioùW y reducir el suyo;;;;;;;;;x
colonial_reconquest_cb;Colonial Reconquest;;;;;;;;;;;;;x,,,
colonial_reconquest_cb_desc;Force the ùYrebellious colonyùW back into the fold;;;;;;;;;;;;;x,,,
colonial_reconquest_cb_setup;Annex $RECIPIENT$, our rebellious colony;;;;;;;;;;;;;x,,
colonial_reconquest_cb_short;Annex $RECIPIENT$;;;;;;;;;;;;;x,,,
acquire_any_state;Acquire State;Prendre territoire cl?Kernprovinz erwerben;;;;;;;;;;;;x;;;;;;;;;;;;;;,,,
acquire_any_state_desc;Acquire an enemy ùYstateùW;Prendre un ùYùtatùW ennemi o?nous avons des ùYprovinces principalesùW;Erobern Sie einen feindlichen ùYStaatùW, in dem wir ùYKernprovinzenùW haben.;;;;;;;;;;;x,,
acquire_any_state_short;Acquire $STATE$;Prendre $STATE$;$STATE$ erwerben;;;;;;;;;;;;x;;;;;;;;;;;;;;,,,
acquire_any_state_setup;Acquire $STATE$ from $RECIPIENT$;Prendre ùtat cl?$STATE$ de $RECIPIENT$;Kern-$STATE$ von $RECIPIENT$ erwerben;;;;;;;;;;;;x;;;;;;;;;;;;;;,,,
conquest_any;Conquest;;;;;;;;;;;;;x,,,
conquest_any_desc;Conquer an ùYenemy countryùW;;;;;;;;;;;;;x,,,
conquest_any_setup;Annex $RECIPIENT$;;;;;;;;;;;;;x,,,
conquest_any_short;Annex $RECIPIENT$;;;;;;;;;;;;;x,,,
sahel_jihad_cb;Sahel Jihad;Prendre territoire cl?Kernprovinz erwerben;;;;;;;;;;;;x;;;;;;;;;;;;;;,,,
sahel_jihad_cb_desc;Acquire an infidel ùYstateùW;Prendre un ùYùtatùW ennemi o?nous avons des ùYprovinces principalesùW;Erobern Sie einen feindlichen ùYStaatùW, in dem wir ùYKernprovinzenùW haben.;;;;;;;;;;;x,,
sahel_jihad_cb_short;Acquire $STATE$;Prendre $STATE$;$STATE$ erwerben;;;;;;;;;;;;x;;;;;;;;;;;;;;,,,
sahel_jihad_cb_setup;Acquire $STATE$ from $RECIPIENT$;Prendre ùtat cl?$STATE$ de $RECIPIENT$;Kern-$STATE$ von $RECIPIENT$ erwerben;;;;;;;;;;;;x;;;;;;;;;;;;;;,,,
acquire_all_cores;Acquire All Cores;;;;;;;;;;;;;x,,,
acquire_all_cores_short;Acquire all cores from $RECIPIENT$;;;;;;;;;;;;;x,,,
acquire_all_cores_setup;Acquire all core provinces from $RECIPIENT$;;;;;;;;;;;;;x,,,
acquire_all_cores_desc;Acquire all enemy ùYstatesùW where we have ùYcore provincesùW;;;;;;;;;;;;;x,,,
AGRESSION_WAR_ALL_CORES_NAME_USA_ENG;The $ORDER$Anglo-American War;;;;;;;;;;;;x,,,
NORMAL_WAR_ALL_CORES_NAME_USA_ENG;The $ORDER$Anglo-American War;;;;;;;;;;;;x,,,
AGRESSION_WAR_ALL_CORES_NAME_ENG_USA;The $ORDER$Anglo-American War;;;;;;;;;;;;x,,,
NORMAL_WAR_ALL_CORES_NAME_ENG_USA;The $ORDER$Anglo-American War;;;;;;;;;;;;x,,,
