;;;;;;;;;;;;;;x,,,
HAS_NO_UNION_TAG;has culture union;n'a pas de culture syndicale;besitzt KEINE kulturellen Unionen;;;;;;;;;;;x
UNIT_BUILD_TIME_IW;$VAL$ days.;$VAL$ jours.;$VAL$ Tage.;;$VAL$ dùas.;;;;;;;;;x;
breton;Breton;Breton;Bretonisch;;;;;;;;;;;x
occitan;Occitan;Occitain;Occitanisch;;;;;;;;;;;x
HAS_GOODS;produces ;;;;;;;;;;;;;x,,,
assyrian;Assyrian;;;;;;;;;;;;;x,,,
xhosa;Xhosa;;;;;;;;;;;;;x,,,
shinto;Shinto;;;;;;;;;;;;;x,,,
sephardic;Sephardic;;;;;;;;;;;;x,,,
picard;Picard;;;;;;;;;;;;x,,,
jewish_cultures;Jewish;;;;;;;;;;;;x,,,
far_east_asian;Far East Asian;;;;;;;;;;;;x,,,
arabic;Arabic;;;;;;;;;;;;x,,,
pan_albanian;Albanian;;;;;;;;;;;;x,,,
HAS_SIEGE;Under Siege;;;;;;;;;;;;x,,,
separatist_rebels_title;Patriot;;;;;;;;;;;;x,,,
separatist_rebels_name;$CULTURE$ Patriots;;;;;;;;;;;;x,,,
separatist_rebels_desc;Patriot rebels dream of unification with their cultural kin under a free banner, and any province they gain control of will eventually defect to a neighboring country of their culture.;;;;;;;;;;;;x,,
separatist_rebels_army;$CULTURE$ Patriots;;;;;;;;;;;;x,,,
turkish_nationalist_rebels_title;Turkish Nationalist;;;;;;;;;;;;x,,,
turkish_nationalist_rebels_name;Turkish Nationalists;;;;;;;;;;;;x,,,
turkish_nationalist_rebels_desc;Turkish Nationalists seek to topple the Ottoman monarchy, replacing it with a liberal republic.;;;;;;;;;;;;x,,
turkish_nationalist_rebels_army;Turkish Nationalists;;;;;;;;;;;;x,,,
socialist_rebels_title;Militant Socialist;;;;;;;;;;;;x,,,
socialist_rebels_name;Militant Socialists;;;;;;;;;;;;x,,,
socialist_rebels_army;Militant Socialists;;;;;;;;;;;;x,,,
indian_nationalists_title;Indian Nationalist;Pan-nationalistes;Pan-Nationalisten;;;;;;;;;;;;x;;;;;;;;;;;;;;,,,
indian_nationalists_name;Indian Nationalists;$UNION_ADJ$ - Pan-nationalistes;$UNION_ADJ$ Pan-Nationalisten;;;;;;;;;;;;x;;;;;;;;;;;;;;,,,
indian_nationalists_desc;Indian nationalists seek to unify the sub-continent into a free and independent nation-state, by any means necessary. This includes breaking free from foreign oppressors and uniting with their cultural kin.;;;;;;;;;;;;x,,
indian_nationalists_army;Indian Nationalists;$UNION$ - Jeunes brigades;Junge $UNION$ Brigaden;;;;;;;;;;;;x;;;;;;;;;;;;;;,,,
christino_rebels_title;Christino;;;;;;;;;;;;x,,,
christino_rebels_name;Christinos;;;;;;;;;;;;x,,,
christino_rebels_desc;These rebels support the royal line of Ferdinand VII, and consider the current king to be a pretender. They intend to reinstall the rightful queen, and restore the liberal reforms enacted by the previous royal line.;;;;;;;;;;;;x,
christino_rebels_army;Christinos;;;;;;;;;;;;x,,,
independence_rebels_title;Independence;;;;;;;;;;;;x,,,
independence_rebels_name;Independence Rebels;;;;;;;;;;;;x,,,
independence_rebels_desc;These rebels seek to free the country from its vassal status.;;;;;;;;;;;;x,,,
independence_rebels_army;Independence Rebels;;;;;;;;;;;;x,,,
native_rebels_title;Anti-Colonial;;;;;;;;;;;;x,,,
native_rebels_name;Anti-Colonial Rebels;;;;;;;;;;;;x,,,
native_rebels_desc;These rebels seek to restore rulership of the country to its proper native culture.;;;;;;;;;;;;x,,,
native_rebels_army;Anti-Colonial Rebels;;;;;;;;;;;;x,,,
liberal_rebels_desc;In an absolute monarchy, Jacobins will seek to impose a constitutional monarchy. Otherwise, Jacobins will strive to create a democratic government with a liberal ideology and a focus on political reform.;;;;;;;;;;;;;x,
NOT_STRONGER_ARMY_THAN;Does not have a stronger military than ;;;;;;;;;;;;x,,,
STRONGER_ARMY_THAN;Has a stronger military than ;;;;;;;;;;;;x,,,
regular;Regular;;;;;;;;;;;;x,,,
regular_short;Reg;;;;;;;;;;;;x,,,
horse_artillery;Mobile Artillery;;;;;;;;;;;;x,,,
horse_artillery_short;M-art;;;;;;;;;;;;x,,,
no_personality;No Personality;Aucune;Nichts;;;;;;;;;;;;x;;;;;;;;;;;;;;,,,
active_p;Active;Actif;Aktiv;;;;;;;;;;;;x;;;;;;;;;;;;;;,,,
au_fait;Au'fait;Au fait;Sicher;;;;;;;;;;;;x;;;;;;;;;;;;;;,,,
apathetic;Apathetic;;;;;;;;;;;;;;x;;;;;;;;;;;;;;,,,
audacious;Audacious;Audacieux;Kùhn;;;;;;;;;;;;x;;;;;;;;;;;;;;,,,
able;Able;Capable;Fùhig;;;;;;;;;;;;x;;;;;;;;;;;;;;,,,
aweless;Aweless;Casse-cou;Respektlos;;;;;;;;;;;;x;;;;;;;;;;;;;;,,,
aggressive;Aggressive;Agressif;Aggressiv;;;;;;;;;;;;x;;;;;;;;;;;;;;,,,
arrogant;Arrogant;Arrogant;Arrogant;;;;;;;;;;;;x;;;;;;;;;;;;;;,,,
balanced_p;Balanced;Pondùrù;Ausgewogen;;;;;;;;;;;;x;;;;;;;;;;;;;;,,,
bigoted;Bigoted;Sectaire;Engstirnig;;;;;;;;;;;;x;;;;;;;;;;;;;;,,,
brilliant;Brilliant;Brillant;Brilliant;;;;;;;;;;;;x;;;;;;;;;;;;;;,,,
brutish;Brutish;Brutal;Brutal;;;;;;;;;;;;x;;;;;;;;;;;;;;,,,
bold;Bold;Tùmùraire;Mutig;;;;;;;;;;;;x;;;;;;;;;;;;;;,,,
brash;Brash;Impudent;Forsch;;;;;;;;;;;;x;;;;;;;;;;;;;;,,,
ballsy;Ballsy;Valeureux;Forsch;;;;;;;;;;;;x;;;;;;;;;;;;;;,,,
bastard;Bastard;Goujat;Bastard;;;;;;;;;;;;x;;;;;;;;;;;;;;,,,
cautious;Cautious;Prudent;Vorsichtig;;;;;;;;;;;;x;;;;;;;;;;;;;;,,,
coward;Coward;Couard;Kleinmùtig;;;;;;;;;;;;x;;;;;;;;;;;;;;,,,
chickenhearted;Chickenhearted;Poltron;ùngstlich;;;;;;;;;;;;x;;;;;;;;;;;;;;,,,
craven;Craven;Veule;Mutlos;;;;;;;;;;;;x;;;;;;;;;;;;;;,,,
competent;Competent;Compùtent;Kompetent;;;;;;;;;;;;x;;;;;;;;;;;;;;,,,
clever;Clever;Adroit;Clever;;;;;;;;;;;;x;;;;;;;;;;;;;;,,,
careless;Careless;Nùgligent;Achtlos;;;;;;;;;;;;x;;;;;;;;;;;;;;,,,
calm;Calm;Calme;Ruhig;;;;;;;;;;;;x;;;;;;;;;;;;;;,,,
cool_minded;Coolminded;Serein;Bedachtsam;;;;;;;;;;;;x;;;;;;;;;;;;;;,,,
careful;Careful;Attentif;Sorgsam;;;;;;;;;;;;x;;;;;;;;;;;;;;,,,
cruel;Cruel;;;;;;;;;;;;;;x;;;;;;;;;;;;;;,,,
choleric;Choleric;Colùrique;Cholerisch;;;;;;;;;;;;x;;;;;;;;;;;;;;,,,
charismatic;Charismatic;Charismatique;Charismatisch;;;;;;;;;;;;x;;;;;;;;;;;;;;,,,
chivalrous;Chivalrous;Courtois;Ritterlich;;;;;;;;;;;;x;;;;;;;;;;;;;;,,,
confident;Confident;Confiant;Sicher;;;;;;;;;;;;x;;;;;;;;;;;;;;,,,
doughty;Doughty;Vaillant;Tapfer;;;;;;;;;;;;x;;;;;;;;;;;;;;,,,
defiant;Defiant;Provocateur;Trotzig;;;;;;;;;;;;x;;;;;;;;;;;;;;,,,
disciplined;Disciplined;Disciplinù;Diszipliniert;;;;;;;;;;;;x;;;;;;;;;;;;;;,,,
diligent;Diligent;;;;;;;;;;;;;;x;;;;;;;;;;;;;;,,,
dauntless;Dauntless;Dùterminù;Unverzagt;;;;;;;;;;;;x;;;;;;;;;;;;;;,,,
daring;Daring;Hardi;Draufgùngerisch;;;;;;;;;;;;x;;;;;;;;;;;;;;,,,
disorderly;Disorderly;Dùsordonnù;Unordentlich;;;;;;;;;;;;x;;;;;;;;;;;;;;,,,
decisive;Decisive;;;;;;;;;;;;;;x;;;;;;;;;;;;;;,,,
dumb;Dumb;;;;;;;;;;;;;;x;;;;;;;;;;;;;;,,,
diplomatic;Diplomatic;Diplomate;Diplomatisch;;;;;;;;;;;;x;;;;;;;;;;;;;;,,,
deeply_religious;Deeply Religious;Trùs croyant;Tief religiùs;;;;;;;;;;;;x;;;;;;;;;;;;;;,,,
expert;Expert;Expert;Experte;;;;;;;;;;;;x;;;;;;;;;;;;;;,,,
energetic;Energetic;;;;;;;;;;;;;;x;;;;;;;;;;;;;;,,,
efficient;Efficient;Efficace;Effizient;;;;;;;;;;;;x;;;;;;;;;;;;;;,,,
emotional;Emotional;;;;;;;;;;;;;;x;;;;;;;;;;;;;;,,,
earnest;Earnest;Sùrieux;Ernsthaft;;;;;;;;;;;;x;;;;;;;;;;;;;;,,,
fearless;Fearless;;;;;;;;;;;;;;x;;;;;;;;;;;;;;,,,
forgiving;Forgiving;;;;;;;;;;;;;;x;;;;;;;;;;;;;;,,,
fanatic;Fanatic;Fanatique;Fanatisch;;;;;;;;;;;;x;;;;;;;;;;;;;;,,,
gallant;Gallant;Courageux;Galant;;;;;;;;;;;;x;;;;;;;;;;;;;;,,,
glory_hound;Glory Hound;Ambitieux;Ruhmsùchtig;;;;;;;;;;;;x;;;;;;;;;;;;;;,,,
genius;Genius;;;;;;;;;;;;;;x;;;;;;;;;;;;;;,,,
gutsy;Gutsy;Brave;Waghalsig;;;;;;;;;;;;x;;;;;;;;;;;;;;,,,
harsh;Harsh;Dur;Harsch;;;;;;;;;;;;x;;;;;;;;;;;;;;,,,
hellbent;Hellbent;Acharnù;Draufgùnger;;;;;;;;;;;;x;;;;;;;;;;;;;;,,,
heroic;Heroic;Hùroùque;Heroisch;;;;;;;;;;;;x;;;;;;;;;;;;;;,,,
irresponsible;Irresponsible;;;;;;;;;;;;;;x;;;;;;;;;;;;;;,,,
imaginative;Imaginative;;;;;;;;;;;;;;x;;;;;;;;;;;;;;,,,
indecisive;Indecisive;;;;;;;;;;;;;;x;;;;;;;;;;;;;;,,,
inspiring;Inspiring;Stimulant;Inspirierend;;;;;;;;;;;;x;;;;;;;;;;;;;;,,,
impetuous;Impetuous;Impùtueux;Ungestùm;;;;;;;;;;;;x;;;;;;;;;;;;;;,,,
implacable;Implacable;Implacable;Unerbittlich;;;;;;;;;;;;x;;;;;;;;;;;;;;,,,
imperious;Imperious;Autoritaire;Herrisch;;;;;;;;;;;;x;;;;;;;;;;;;;;,,,
irate;Irate;Furieux;Aufbrausend;;;;;;;;;;;;x;;;;;;;;;;;;;;,,,
intuitive;Intuitive;Intuitif;Intuitiv;;;;;;;;;;;;x;;;;;;;;;;;;;;,,,
impulsive;Impulsive;Impulsif;Impulsiv;;;;;;;;;;;;x;;;;;;;;;;;;;;,,,
incapable;Incapable;Incapable;Unfùhig;;;;;;;;;;;;x;;;;;;;;;;;;;;,,,
indifferent;Indifferent;Indiffùrent;Gleichgùltig;;;;;;;;;;;;x;;;;;;;;;;;;;;,,,
intelligent;Intelligent;Intelligent;Intelligent;;;;;;;;;;;;x;;;;;;;;;;;;;;,,,
inept;Inept;Inepte;Untauglich;;;;;;;;;;;;x;;;;;;;;;;;;;;,,,
inefficient;Inefficient;Inefficace;Ineffizient;;;;;;;;;;;;x;;;;;;;;;;;;;;,,,
keen;Keen;Enthousiaste;Gewitzt;;;;;;;;;;;;x;;;;;;;;;;;;;;,,,
lilylivered;Lilylivered;Froussard;Feige;;;;;;;;;;;;x;;;;;;;;;;;;;;,,,
lackluster;Lackluster;Terne;Lustlos;;;;;;;;;;;;x;;;;;;;;;;;;;;,,,
merciless;Merciless;Impitoyable;Gnadenlos;;;;;;;;;;;;x;;;;;;;;;;;;;;,,,
meticulous;Meticulous;Mùticuleux;Genau;;;;;;;;;;;;x;;;;;;;;;;;;;;,,,
manful;Manful;Ardent;Mùnnlich;;;;;;;;;;;;x;;;;;;;;;;;;;;,,,
madman;Madman;Fou;Irrer;;;;;;;;;;;;x;;;;;;;;;;;;;;,,,
mediocre;Mediocre;Mùdiocre;Mittelmùùig;;;;;;;;;;;;x;;;;;;;;;;;;;;,,,
maladroit;Maladroit;Maladroit;Unbeholfen;;;;;;;;;;;;x;;;;;;;;;;;;;;,,,
openminded;Openminded;Ouvert d'esprit;Offen;;;;;;;;;;;;x;;;;;;;;;;;;;;,,,
persistant;Persistant;Persùvùrant;Hartnùckig;;;;;;;;;;;;x;;;;;;;;;;;;;;,,,
pompous;Pompous;;;;;;;;;;;;;;x;;;;;;;;;;;;;;,,,
paranoid;Paranoid;;;;;;;;;;;;;;x;;;;;;;;;;;;;;,,,
polite;Polite;Poli;Hùflich;;;;;;;;;;;;x;;;;;;;;;;;;;;,,,
pusillanimous;Pusillanimous;Pusillanime;Verzagt;;;;;;;;;;;;x;;;;;;;;;;;;;;,,,
pisspoor;Pisspoor;Pitoyable;Arm;;;;;;;;;;;;x;;;;;;;;;;;;;;,,,
perverse;Perverse;Entùtù;Pervers;;;;;;;;;;;;x;;;;;;;;;;;;;;,,,
resourceful;Resourceful;Ingùnieux;Findig;;;;;;;;;;;;x;;;;;;;;;;;;;;,,,
respectful;Respectful;;;;;;;;;;;;;;x;;;;;;;;;;;;;;,,,
romantic;Romantic;Romantique;Romantisch;;;;;;;;;;;;x;;;;;;;;;;;;;;,,,
relentless;Relentless;Implacable;Unbarmherzig;;;;;;;;;;;;x;;;;;;;;;;;;;;,,,
reserved;Reserved;Rùservù;Reserviert;;;;;;;;;;;;x;;;;;;;;;;;;;;,,,
resolute;Resolute;Rùsolu;Resolut;;;;;;;;;;;;x;;;;;;;;;;;;;;,,,
ruthless;Ruthless;;;;;;;;;;;;;;x;;;;;;;;;;;;;;,,,
rebellious;Rebellious;;;;;;;;;;;;;;x;;;;;;;;;;;;;;,,,
skilled;Skilled;Talentueux;Geschickt;;;;;;;;;;;;x;;;;;;;;;;;;;;,,,
secretive;Secretive;;;;;;;;;;;;;;x;;;;;;;;;;;;;;,,,
shrinking_violet;Shrinking Violet;Timorù;Mauerblùmchen;;;;;;;;;;;;x;;;;;;;;;;;;;;,,,
sinner;Sinner;;;;;;;;;;;;x,,,
strange;Strange;ùtrange;Merkwùrdig;;;;;;;;;;;;x;;;;;;;;;;;;;;,,,
stout;Stout;Solide;Beherzt;;;;;;;;;;;;x;;;;;;;;;;;;;;,,,
soldierly;Soldierly;Militaire;Soldatisch;;;;;;;;;;;;x;;;;;;;;;;;;;;,,,
spirited;Spirited;Fougueux;Sprùhend;;;;;;;;;;;;x;;;;;;;;;;;;;;,,,
stalwart;Stalwart;Robuste;Robust;;;;;;;;;;;;x;;;;;;;;;;;;;;,,,
soft;Soft;Indolent;Weich;;;;;;;;;;;;x;;;;;;;;;;;;;;,,,
spineless;Spineless;Mou;Rùckgratlos;;;;;;;;;;;;x;;;;;;;;;;;;;;,,,
stouthearted;Stouthearted;Intrùpide;Beherzt;;;;;;;;;;;;x;;;;;;;;;;;;;;,,,
steadfast;Steadfast;Inùbranlable;Solide;;;;;;;;;;;;x;;;;;;;;;;;;;;,,,
scared;Scared;Craintif;Verùngstigt;;;;;;;;;;;;x;;;;;;;;;;;;;;,,,
shirker;Shirker;Tire-au-flanc;Drùckeberger;;;;;;;;;;;;x;;;;;;;;;;;;;;,,,
smart_p;Smart;Habile;Schlau;;;;;;;;;;;;x;;;;;;;;;;;;;;,,,
sharp;Sharp;Malin;Klug;;;;;;;;;;;;x;;;;;;;;;;;;;;,,,
timid;Timid;Timide;Furchtsam;;;;;;;;;;;;x;;;;;;;;;;;;;;,,,
tactful;Tactful;Dùlicat;Taktvoll;;;;;;;;;;;;x;;;;;;;;;;;;;;,,,
unflinching;Unflinching;Opiniùtre;Entschlossen;;;;;;;;;;;;x;;;;;;;;;;;;;;,,,
unruly;Unruly;Insoumis;Widerborstig;;;;;;;;;;;;x;;;;;;;;;;;;;;,,,
undisciplined;Undisciplined;Indisciplinù;Undiszipliniert;;;;;;;;;;;;x;;;;;;;;;;;;;;,,,
unforgiving;Unforgiving;;;;;;;;;;;;;;x;;;;;;;;;;;;;;,,,
unmanly;Unmanly;Lùche;Unmùnnlich;;;;;;;;;;;;x;;;;;;;;;;;;;;,,,
unsound;Unsound;Dangereux;Unzuverlùssig;;;;;;;;;;;;x;;;;;;;;;;;;;;,,,
vainglorious;Vainglorious;Vaniteux;Prahlerisch;;;;;;;;;;;;x;;;;;;;;;;;;;;,,,
vicious;Vicious;Violent;Bùsartig;;;;;;;;;;;;x;;;;;;;;;;;;;;,,,
wrathful;Wrathful;Courroucù;Zornerfùllt;;;;;;;;;;;;x;;;;;;;;;;;;;;,,,
wretched;Wretched;Misùrable;Jùmmerlich;;;;;;;;;;;;x;;;;;;;;;;;;;;,,,
yellow;Yellow;Trouillard;Memme;;;;;;;;;;;;x;;;;;;;;;;;;;;,,,
no_background;No Background;Aucun(e);Nichts;;;;;;;;;;;;x;;;;;;;;;;;;;;,,,
ambitious_careerist;Ambitious Careerist;;;;;;;;;;;;;;x;;;;;;;;;;;;;;,,,
architect;Architect;;;;;;;;;;;;;;x;;;;;;;;;;;;;;,,,
armchair_general;Armchair General;Gùnùral de faùade;Sesselgeneral;;;;;;;;;;;;x;;;;;;;;;;;;;;,,,
artillerist;Artillerist;Artilleur;Artillerist;;;;;;;;;;;;x;;;;;;;;;;;;;;,,,
amateur;Amateur;Amateur;Amateur;;;;;;;;;;;;x;;;;;;;;;;;;;;,,,
aristocrat;Aristocrat;Aristocrate;Aristokrat;;;;;;;;;;;;x;;;;;;;;;;;;;;,,,
adventurer;Adventurer;Aventurier;Abenteurer;;;;;;;;;;;;x;;;;;;;;;;;;;;,,,
butcher;Butcher;Boucher;Schlùchter;;;;;;;;;;;;x;;;;;;;;;;;;;;,,,
bureaucrat_speed;Bureaucrat Speed;Vitesse de bureaucrate;Bùrokratische Geschwindigkeit;;;;;;;;;;;;x;;;;;;;;;;;;;;,,,
brownnoser;Brownnoser;Lùche-cul;Stiefellecker;;;;;;;;;;;;x;;;;;;;;;;;;;;,,,
brilliant_strategist;Brilliant Strategist;;;;;;;;;;;;;;x;;;;;;;;;;;;;;,,,
bootlicker;Bootlicker;Lùche-bottes;Speichellecker;;;;;;;;;;;;x;;;;;;;;;;;;;;,,,
cavalry_school;Cavalry School;ùcole de cavalerie;Kavallerieschule;;;;;;;;;;;;x;;;;;;;;;;;;;;,,,
colonial_recruit;Colonial Recruit;;;;;;;;;;;;;;x;;;;;;;;;;;;;;,,,
colonial_b;Colonial;Colonial;Kolonial;;;;;;;;;;;;x;;;;;;;;;;;;;;,,,
cartographer;Cartographer;Cartographe;Kartograf;;;;;;;;;;;;x;;;;;;;;;;;;;;,,,
cursed_luck;Cursed Luck;Malchanceux;Vom Pech verflucht;;;;;;;;;;;;x;;;;;;;;;;;;;;,,,
corrupt;Corrupt;Corrompu;Korrupt;;;;;;;;;;;;x;;;;;;;;;;;;;;,,,
clueless;Clueless;Ignorant;Ahnungslos;;;;;;;;;;;;x;;;;;;;;;;;;;;,,,
debutante;Debutante;Dùbutant;Debùtant;;;;;;;;;;;;x;;;;;;;;;;;;;;,,,
disgraced;Disgraced;Dùshonorù;In Ungnade Gefallener;;;;;;;;;;;;x;;;;;;;;;;;;;;,,,
drillmaster;Drillmaster;Sergent instructeur;Zuchtmeister;;;;;;;;;;;;x;;;;;;;;;;;;;;,,,
diplomat;Diplomat;Diplomate;Diplomat;;;;;;;;;;;;x;;;;;;;;;;;;;;,,,
engineer;Engineer;Gùnie;Ingenieur;;;;;;;;;;;;x;;;;;;;;;;;;;;,,,
entrepreneur;Entrepreneur;;;;;;;;;;;;;;x;;;;;;;;;;;;;;,,,
exranker;Exranker;Ancien militaire;Ex-Gefreiter;;;;;;;;;;;;x;;;;;;;;;;;;;;,,,
expert_raider;Expert Raider;Commando expùrimentù;ùberfallexperte;;;;;;;;;;;;x;;;;;;;;;;;;;;,,,
eccentric_genius;Eccentric Genius;Gùnie excentrique;Exzentrisches Genie;;;;;;;;;;;;x;;;;;;;;;;;;;;,,,
elder_statesmen;Elder Statesman;;;;;;;;;;;;;;x;;;;;;;;;;;;;;,,,
elderly;Elderly;ùgù;ùlter;;;;;;;;;;;;x;;;;;;;;;;;;;;,,,
ethnic;Ethnic;;;;;;;;;;;;;;x;;;;;;;;;;;;;;,,,
gifted_administrator;Gifted Administrator;Administrateur douù;Begabter Administrator;;;;;;;;;;;;x;;;;;;;;;;;;;;,,,
generals_aide;General's Aide;Aide de camp;Generalsadjutant;;;;;;;;;;;;x;;;;;;;;;;;;;;,,,
hated;Hated;Odieux;Gehasst;;;;;;;;;;;;x;;;;;;;;;;;;;;,,,
innovative_tactician;Innovative Tactician;Tacticien novateur;Innovativer Taktiker;;;;;;;;;;;;x;;;;;;;;;;;;;;,,,
immoral;Immoral;Immoral;Unmoralisch;;;;;;;;;;;;x;;;;;;;;;;;;;;,,,
introverted_philosopher;Introverted Philosopher;;;;;;;;;;;;;;x;;;;;;;;;;;;;;,,,
incompetent;Incompetent;Incompùtent;Inkompetent;;;;;;;;;;;;x;;;;;;;;;;;;;;,,,
intellectual;Intellectual;;;;;;;;;;;;;;x;;;;;;;;;;;;;;,,,
military_theoretician;Military Theoretician;;;;;;;;;;;;;;x;;;;;;;;;;;;;;,,,
megalomaniac;Megalomaniac;Mùgalomane;Megalomane;;;;;;;;;;;;x;;;;;;;;;;;;;;,,,
mercenary;Mercenary;;;;;;;;;;;;;;x;;;;;;;;;;;;;;,,,
feeble;Feeble;;;;;;;;;;;;x,,,
harsh_disciplinarian;Harsh Disciplinarian;;;;;;;;;;;;x,,,
fearsome;Fearsome;;;;;;;;;;;;x,,,
independent;Independent-Minded;;;;;;;;;;;;x,,,
bureaucrat;Bureaucrat;;;;;;;;;;;;x,,,
member_of_elite;Member of the Elite;;;;;;;;;;;;;;x;;;;;;;;;;;;;;,,,
natural_born_leader;Natural Born Leader;Leader naturel;Geborener Anfùhrer;;;;;;;;;;;;x;;;;;;;;;;;;;;,,,
nationalist;Nationalist;;;;;;;;;;;;;;x;;;;;;;;;;;;;;,,,
old_school;Old School;Vieille ùcole;Alte Schule;;;;;;;;;;;;x;;;;;;;;;;;;;;,,,
poet;Poet;Poùte;Poet;;;;;;;;;;;;x;;;;;;;;;;;;;;,,,
priest;Priest;Prùtre;Priester;;;;;;;;;;;;x;;;;;;;;;;;;;;,,,
professor;Professor;Professeur;Professor;;;;;;;;;;;;x;;;;;;;;;;;;;;,,,
powerful_friends;Powerful Friends;Amis puissants;Mùchtige Freunde;;;;;;;;;;;;x;;;;;;;;;;;;;;,,,
pawn;Pawn;Pion;Pfand;;;;;;;;;;;;x;;;;;;;;;;;;;;,,,
questionable_loyalties;Questionable Loyalties;;;;;;;;;;;;;;x;;;;;;;;;;;;;;,,,
renowned_adventurer;Renowned Adventurer;;;;;;;;;;;;;;x;;;;;;;;;;;;;;,,,
politician;Politician;Politicien;Politiker;;;;;;;;;;;;x;;;;;;;;;;;;;;,,,
rising_star;Rising Star;ùtoile montante;Aufsteigender Stern;;;;;;;;;;;;x;;;;;;;;;;;;;;,,,
religious_fanatic;Religious Fanatic;;;;;;;;;;;;;;x;;;;;;;;;;;;;;,,,
religious_leader;Religious Leader;;;;;;;;;;;;;;x;;;;;;;;;;;;;;,,,
railroad_man;Railroad Man;;;;;;;;;;;;;;x;;;;;;;;;;;;;;,,,
rags_to_riches;Rags to Riches;;;;;;;;;;;;;;x;;;;;;;;;;;;;;,,,
son_of_hero;Hero's Son;;;;;;;;;;;;;;x;;;;;;;;;;;;;;,,,
spoiled;Spoiled;Gùtù;Verwùhnt;;;;;;;;;;;;x;;;;;;;;;;;;;;,,,
school_of_defense;School of Defense;ùcole de dùfense;Schule der Verteidigung;;;;;;;;;;;;x;;;;;;;;;;;;;;,,,
school_of_offense;School of Offense;ùcole d'attaque;Schule der Offensive;;;;;;;;;;;;x;;;;;;;;;;;;;;,,,
school_of_the_bayonet;School of the Bayonet;ùcole de la baùonnette;Schule des Bajonetts;;;;;;;;;;;;x;;;;;;;;;;;;;;,,,
school_of_firepower;School of Firepower;ùcole de la puissance de feu;Schule der Feuerkraft;;;;;;;;;;;;x;;;;;;;;;;;;;;,,,
sad_sack;Sad Sack;Ratù;Trauriger Sack;;;;;;;;;;;;x;;;;;;;;;;;;;;,,,
state_ideologue;State Ideologue;;;;;;;;;;;;;;;x;;;;;;;;;;;;;;,,,
sucker;Sucker;Gogo;Trottel;;;;;;;;;;;;x;;;;;;;;;;;;;;,,,
sycophant;Sycophant;Flagorneur;Kriecher;;;;;;;;;;;;x;;;;;;;;;;;;;;,,,
toady;Toady;Flatteur;Schleimer;;;;;;;;;;;;x;;;;;;;;;;;;;;,,,
turncoat;Turncoat;;;;;;;;;;;;;;x;;;;;;;;;;;;;;,,,
university_educated;University Educated;;;;;;;;;;;;;;;x;;;;;;;;;;;;;;,,,
uncommonly_young;Uncommonly Young;Singuliùrement jeune;Ungewùhnlich jung;;;;;;;;;;;;x;;;;;;;;;;;;;;,,,
unfit;Unfit;Inapte;Ungeeignet;;;;;;;;;;;;x;;;;;;;;;;;;;;,,,
unqualified;Unqualified;Non qualifiù;Unqualifiziert;;;;;;;;;;;;x;;;;;;;;;;;;;;,,,
unfulfilled_potential;Unfulfilled Potential;;;;;;;;;;;;;;x;;;;;;;;;;;;;;,,,
warmonger;Warmonger;Belliciste;Kriegstreiber;;;;;;;;;;;;x;;;;;;;;;;;;;;,,,
war_college;War College;ùcole militaire;Militùrakademie;;;;;;;;;;;;x;;;;;;;;;;;;;;,,,
wounded_veteran;Wounded Veteran;;;;;;;;;;;;;;x;;;;;;;;;;;;;;,,,
womanizer;Womanizer;Coureur de jupons;Schùrzenjùger;;;;;;;;;;;;x;;;;;;;;;;;;;;,,,
yesman;Yesman;Bùni-oui-oui;Jasager;;;;;;;;;;;;x;;;;;;;;;;;;;;,,,
arab_revolt_ended;Arab Revolt Ended;;;;;;;;;;;;x,,,
newly_released_nation;Newly-Formed Nation;;;;;;;;;;;;x,,,
crop_rotation;Crop Rotation;;;;;;;;;;;;x,,,
crop_rotation_desc;The practice of crop rotation is now being used in local farms.;;;;;;;;;;;;x,,,
phosphates;Phosphates;;;;;;;;;;;;x,,,
phosphates_desc;Phosphates are now being used to fertilize farm soil in the area.;;;;;;;;;;;;x,,,
nitrates;Nitrates;;;;;;;;;;;;x,,,
nitrates_desc;Nitrates are now being used to fertilize farm soil in the area.;;;;;;;;;;;;x,,,
will_support_entre_rios;Pledged Support to Entre Rios;;;;;;;;;;;;x,,,
shaft_mine;Shaft Mining;;;;;;;;;;;;x,,,
shaft_mine_desc;Deep shaft mining has been developed in the province.;;;;;;;;;;;;x,,,
pit_mine;Pit Mining;;;;;;;;;;;;x,,,
pit_mine_desc;Pit mining has been developed in the province.;;;;;;;;;;;;x,,,
strip_mine;Strip Mining;;;;;;;;;;;;x,,,
strip_mine_desc;Strip mining has been developed in the province.;;;;;;;;;;;;x,,,
tax_reforms;National Tax Reforms;;;;;;;;;;;;x,,,
tax_reforms_desc;Recent reforms to tax laws have increased our tax efficiencyù at least until those laws are repealed or loopholes found to evade them.;;;;;;;;;;;;x,,,
intense_farming;Intensive Farming;;;;;;;;;;;;x,,,
intense_farming_desc;Plantations have been started in this province to more efficiently and intensively farm it-- even though this comes with a risk of exhausting the farmland.;;;;;;;;;;;;x,,,
exhausted_land;Exhausted Farmland;;;;;;;;;;;;x,,,
exhausted_land_desc;The intensive farming of this province's farmland has exhausted the soil. Production will be low until the land recovers.;;;;;;;;;;;;x,,,
irrigration_network;Irrigation Network;;;;;;;;;;;;x,,,
irrigration_network_desc;An irrigation network has been built here, allowing the desert to be farmed more effectively.;;;;;;;;;;;;x,,
population_trend;Population Growth Trend;;;;;;;;;;;;x,,,
population_trend_desc;Our nation has recently experienced a change in our population growth. It will likely remain stable for some time to come.;;;;;;;;;;;;x,,,
point_five_children;Growth Rate: 0.5 Children;;;;;;;;;;;;x,,,
point_five_children_desc;Our nation's growth rate is abysmal-- roughly equivalent to one child for every four healthy adults.;;;;;;;;;;;;x,,,
one_child;Growth Rate: 1 Child;;;;;;;;;;;;x,,,
one_child_desc;Our nation's growth rate is very low-- roughly equivalent to one child for every two healthy adults.;;;;;;;;;;;;x,,,
one_point_five_children;Growth Rate: 1.5 Children;;;;;;;;;;;;x,,,
one_point_five_children_desc;Our nation's growth rate is low-- roughly equivalent to three children for every four healthy adults.;;;;;;;;;;;;x,,,
two_children;Growth Rate: 2 Children;;;;;;;;;;;;x,,,
two_children_desc;Our nation's growth rate is stable-- roughly equivalent to two children for every two healthy adults.;;;;;;;;;;;;x,,,
two_point_five_children;Growth Rate: 2.5 Children;;;;;;;;;;;;x,,,
two_point_five_children_desc;Our nation's growth rate is above average-- roughly equivalent to five children for every four healthy adults.;;;;;;;;;;;;x,,,
three_children;Growth Rate: 3 Children;;;;;;;;;;;;x,,,
three_children_desc;Our nation's growth rate is high-- roughly equivalent to three children for every two healthy adults.;;;;;;;;;;;;x,,,
four_children;Growth Rate: 4 Children;;;;;;;;;;;;x,,,
four_children_desc;Our nation's growth rate is very high-- roughly equivalent to four children for every two healthy adults.;;;;;;;;;;;;x,,,
bleeding;Bleeding State;;;;;;;;;;;;x,,,
bleeding_desc;Caught between the forces of abolitionism and those supporting slavery, this state is in the throes of violence as the locals attempt to sway the entire populace one way or the other.;;;;;;;;;;;;x,,
submarine;Submarine;;;;;;;;;;;;x,,,
